<Ui xmlns="http://www.blizzard.com/wow/ui/" xmlns:xsi="http://www.w3.org/2001/XMLSchema-instance" xsi:schemaLocation="http://www.blizzard.com/wow/ui/
..\FrameXML\UI.xsd">
	<FontString name="TabuBars_SmallFontTemplate" virtual = "true" font="Interface\AddOns\Tabu-Bars\Fonts\ContinuumMedium.TTF" outline="THICK">
		<Color r="0" g="1" b="1" />
		<FontHeight>
			<AbsValue val="12"/>
		</FontHeight>	
		<Shadow>
			<Offset x="1" y="1" />
			<Color r="0" g="0" b="0"/>
		</Shadow>
	</FontString>
	<FontString name="TabuBars_MediumFontTemplate" virtual = "true" font="Interface\AddOns\Tabu-Bars\Fonts\ContinuumMedium.TTF" outline="THICK">
		<FontHeight>
			<AbsValue val="14"/>
		</FontHeight>	
		<Shadow>
			<Offset x="1" y="1" />
			<Color r="0" g="0" b="0"/>
		</Shadow>
	</FontString>	
	<Button name="TabuBars_Button" virtual="true" movable="true" hidden="true">
		<Layers>
			<Layer level="BACKGROUND"><Texture name="$parentBg" parentKey="bgTexture" setAllPoints="true"/></Layer>
			<Layer level="ARTWORK">
				<Texture name="$parentIcon" parentKey="icon" hidden="false" setAllPoints="true">
					<Anchors>
						<Anchor point="TOPLEFT">
							<Offset>
								<AbsDimension x="1" y="-1"/>
							</Offset>
						</Anchor>
						<Anchor point="BOTTOMRIGHT">
							<Offset>
								<AbsDimension x="-1" y="1"/>
							</Offset>
						</Anchor>
					</Anchors>				
				</Texture>
				<Texture name="$parentFlash" parentKey="flashTexture" file="Interface\Buttons\UI-QuickslotRed" hidden="true" setAllPoints="true"/>
			</Layer>
			<Layer level="OVERLAY">
				<Texture name="$parentSolidOverlay" parentKey="bgOverlay" setAllPoints="true" hidden="true" />
				<FontString name="$parentHotKey" parentKey="hotKeyText" inherits="TabuBars_SmallFontTemplate" justifyH="LEFT">	
					<Anchors>
						<Anchor point="TOPLEFT">
							<Offset>
								<AbsDimension x="2" y="-2"/>
							</Offset>
						</Anchor>
					</Anchors>
				</FontString>
				<FontString name="$parentCount"  parentKey="countText" inherits="TabuBars_MediumFontTemplate" justifyH="RIGHT">
					<Anchors>
						<Anchor point="BOTTOMRIGHT">
							<Offset>
								<AbsDimension x="-2" y="2"/>
							</Offset>
						</Anchor>
					</Anchors>
				</FontString>
				<FontString name="$parentName"  parentKey="nameOverlay" inherits="GameFontHighlightSmallOutline">
					<Anchors>
						<Anchor point="BOTTOM">
							<Offset>
								<AbsDimension x="0" y="2"/>
							</Offset>
						</Anchor>
					</Anchors>
				</FontString>
				<FontString name="$parentTwoChars"  parentKey="twoChars" justifyH="LEFT" font="Interface\AddOns\Tabu-Bars\Fonts\ContinuumMedium.TTF" outline="THICK">
					<FontHeight>
						<AbsValue val="12"/>
					</FontHeight>
					<Anchors>
						<Anchor point="BOTTOMLEFT">
							<Offset>
								<AbsDimension x="2" y="2"/>
							</Offset>
						</Anchor>
					</Anchors>
				</FontString>				
				<Texture name="$parentBorder" parentKey="borderTexture" file="Interface\Buttons\UI-ActionButton-Border" hidden="false" alphaMode="ADD" setAllPoints="true">
					<Anchors>
						<!-- <Anchor point="CENTER">
							<Offset>
								<AbsDimension x="0" y="0"/>
							</Offset>
						</Anchor> -->
						<Anchor point="TOPLEFT">
							<Offset>
								<AbsDimension x="1" y="-1"/>
							</Offset>
						</Anchor>
						<Anchor point="BOTTOMRIGHT">
							<Offset>
								<AbsDimension x="-1" y="1"/>
							</Offset>
						</Anchor>						
					</Anchors>
				</Texture>
			</Layer>
		</Layers>
		<Frames>
			<Cooldown name="$parentCooldown" parentKey="cooldownFrame" inherits="CooldownFrameTemplate">
				<Anchors>
					<Anchor point="CENTER">
						<Offset>
							<AbsDimension x="0" y="-1"/>
						</Offset>
					</Anchor>
				</Anchors> 
			</Cooldown>
		</Frames>

		<PushedTexture parentKey="pushedTexture" file="Interface\Buttons\UI-Quickslot-Depress"/>
		<HighlightTexture parentKey="highlightTexture" alphaMode="ADD" file="Interface\Buttons\ButtonHilight-Square"/>
		<CheckedTexture parentKey="checkedTexture" alphaMode="ADD" file="Interface\Buttons\CheckButtonHilight"/>
	</Button>
	<Frame name="TabuBars_ConfigControlTemplate" virtual="true" hidden="true" />
	<Frame name="TabuBars_HiddenFrameTemplate" virtual="true" hidden="true" />
	<Frame name="TabuBars_MovableFrameTemplate" virtual="true" hidden="true" movable="true" enableMouse="true">
		<Scripts>
			<OnLoad>
				self:RegisterForDrag("LeftButton")
			</OnLoad>
			<OnDragStart>
			if not self.isLocked then
				self:StartMoving()
			end
			</OnDragStart>
			<OnDragStop>
				self:StopMovingOrSizing();
				if self.AfterStopMovingOrSizing then
					self:AfterStopMovingOrSizing();
				end
			</OnDragStop>			
		</Scripts>
	</Frame>
	<Frame name="TabuBars_DialogTemplate" inherits="TabuBars_HiddenFrameTemplate, TabuBars_MovableFrameTemplate" virtual="true" >
		<Frames>
			<Button parentKey="closeButton">
				<Size>
					<AbsDimension x="32" y="32"/>
				</Size>
				<Anchors>
					<Anchor point="CENTER" relativePoint="TOPRIGHT">
						<Offset>
							<AbsDimension x="-13" y="-13"/>
						</Offset>
					</Anchor>
				</Anchors>
				<Scripts>
					<OnClick>self:GetParent():Hide();</OnClick>
				</Scripts>
				<NormalTexture file="Interface\Buttons\UI-Panel-MinimizeButton-Up"/>
				<PushedTexture file="Interface\Buttons\UI-Panel-MinimizeButton-Down"/>
				<HighlightTexture file="Interface\Buttons\UI-Panel-MinimizeButton-Highlight" alphaMode="ADD"/>
			</Button>
		</Frames>
	</Frame>
</Ui>
