<Ui xmlns="http://www.blizzard.com/wow/ui/" xmlns:xsi="http://www.w3.org/2001/XMLSchema-instance" xsi:schemaLocation="http://www.blizzard.com/wow/ui/
..\FrameXML\UI.xsd">
	<Script file="index.lua"/>
	<Script file="utils.lua"/>
	<Script file="debug.lua"/>
	<Script file="math_logic.lua"/>
	<Script file="array.lua"/>
	<Script file="table.lua"/>
	<Script file="frames.lua"/>
	<Script file="bus.lua"/>
	<Script file="controls.lua"/>
	<Include file="ui\ui.xml" />
	<Script file="slashcommands.lua"/>
	<Script file="finalize.lua"/>
</Ui>
