<Ui xmlns="http://www.blizzard.com/wow/ui/" xmlns:xsi="http://www.w3.org/2001/XMLSchema-instance" xsi:schemaLocation="http://www.blizzard.com/wow/ui/
..\FrameXML\UI.xsd">
	<Script file="index.lua"/>
	<Script file="utils.lua"/>
	<Script file="array.lua"/>
	<Script file="table.lua"/>
	<Script file="bus.lua"/>
	<Frame name="Tabu_HiddenFrameTemplate" virtual="true" hidden="true" />
	<Frame name="Tabu_MovableFrameTemplate" virtual="true" hidden="true" movable="true" enableMouse="true">
		<Scripts>
			<OnLoad>
				self:RegisterForDrag("LeftButton")
			</OnLoad>
			<OnDragStart>
			if not self.isLocked then
				self:StartMoving()
			end
			</OnDragStart>
			<OnDragStop>
				self:StopMovingOrSizing();
				if self.AfterStopMovingOrSizing then
					self:AfterStopMovingOrSizing();
				end
			</OnDragStop>			
		</Scripts>
	</Frame>
	<Frame name="Tabu_DialogTemplate" inherits="Tabu_HiddenFrameTemplate, Tabu_MovableFrameTemplate" virtual="true" >
		<Frames>
			<Button parentKey="closeButton">
				<Size>
					<AbsDimension x="32" y="32"/>
				</Size>
				<Anchors>
					<Anchor point="CENTER" relativePoint="TOPRIGHT">
						<Offset>
							<AbsDimension x="-13" y="-13"/>
						</Offset>
					</Anchor>
				</Anchors>
				<Scripts>
					<OnClick>self:GetParent():Hide();</OnClick>
				</Scripts>
				<NormalTexture file="Interface\Buttons\UI-Panel-MinimizeButton-Up"/>
				<PushedTexture file="Interface\Buttons\UI-Panel-MinimizeButton-Down"/>
				<HighlightTexture file="Interface\Buttons\UI-Panel-MinimizeButton-Highlight" alphaMode="ADD"/>
			</Button>
		</Frames>
	</Frame>
</Ui>
